CATEGORY,DEVICE,FOOTPRINT,Internal_Part_Number,LCSC_MPN,LCSC,Manufacturer,Property,Value,Unit,Property,Value,Unit,Property,Value,Unit
Resistor,Device:R,Resistor_SMD:R_0603_1608Metric,R_SMD_0603_0R,0603WAF0000T5E,C21189,UNI-ROYAL,NOMINAL_RESISTANCE,0,OHM,OPERATING_VOLTAGE_MAX,75,VOLT,,,
Resistor,Device:R,Resistor_SMD:R_0805_2012Metric,R_SMD_0805_0R,0805W8F0000T5E,C17477,UNI-ROYAL,NOMINAL_RESISTANCE,0,OHM,OPERATING_VOLTAGE_MAX,150,VOLT,,,
Resistor,Device:R,Resistor_SMD:R_1206_3216Metric,R_SMD_1206_0R1,1206W4F100LT5E,C25334,UNI-ROYAL,NOMINAL_RESISTANCE,0.1,OHM,OPERATING_VOLTAGE_MAX,200,VOLT,,,
Resistor,Device:R,Resistor_SMD:R_0603_1608Metric,R_SMD_0603_1R,0603WAF100KT5E,C22936,UNI-ROYAL,NOMINAL_RESISTANCE,1,OHM,OPERATING_VOLTAGE_MAX,75,VOLT,,,
Resistor,Device:R,Resistor_SMD:R_0603_1608Metric,R_SMD_0603_2R2,0603WAF220KT5E,C22939,UNI-ROYAL,NOMINAL_RESISTANCE,2.2,OHM,OPERATING_VOLTAGE_MAX,75,VOLT,,,
Resistor,Device:R,Resistor_SMD:R_0603_1608Metric,R_SMD_0603_4R7,0603WAF470KT5E,C23164,UNI-ROYAL,NOMINAL_RESISTANCE,4.7,OHM,OPERATING_VOLTAGE_MAX,75,VOLT,,,
Resistor,Device:R,Resistor_SMD:R_0603_1608Metric,R_SMD_0603_10R,0603WAF100JT5E,C22859,UNI-ROYAL,NOMINAL_RESISTANCE,10,OHM,OPERATING_VOLTAGE_MAX,75,VOLT,,,
Resistor,Device:R,Resistor_SMD:R_0603_1608Metric,R_SMD_0603_22R,0603WAF220JT5E,C23345,UNI-ROYAL,NOMINAL_RESISTANCE,22,OHM,OPERATING_VOLTAGE_MAX,75,VOLT,,,
Resistor,Device:R,Resistor_SMD:R_0603_1608Metric,R_SMD_0603_47R,0603WAF470JT5E,C23182,UNI-ROYAL,NOMINAL_RESISTANCE,47,OHM,OPERATING_VOLTAGE_MAX,75,VOLT,,,
Resistor,Device:R,Resistor_SMD:R_0603_1608Metric,R_SMD_0603_100R,0603WAF1000T5E,C22775,UNI-ROYAL,NOMINAL_RESISTANCE,100,OHM,OPERATING_VOLTAGE_MAX,75,VOLT,,,
Resistor,Device:R,Resistor_SMD:R_0603_1608Metric,R_SMD_0603_220R,0603WAF2200T5E,C22962,UNI-ROYAL,NOMINAL_RESISTANCE,220,OHM,OPERATING_VOLTAGE_MAX,75,VOLT,,,
Resistor,Device:R,Resistor_SMD:R_0603_1608Metric,R_SMD_0603_470R,0603WAF4700T5E,C23179,UNI-ROYAL,NOMINAL_RESISTANCE,470,OHM,OPERATING_VOLTAGE_MAX,75,VOLT,,,
Resistor,Device:R,Resistor_SMD:R_0603_1608Metric,R_SMD_0603_1k,0603WAF1001T5E,C21190,UNI-ROYAL,NOMINAL_RESISTANCE,1,KILOOHM,OPERATING_VOLTAGE_MAX,75,VOLT,,,
Resistor,Device:R,Resistor_SMD:R_0603_1608Metric,R_SMD_0603_2k2,0603WAF2201T5E,C4190,UNI-ROYAL,NOMINAL_RESISTANCE,2.2,KILOOHM,OPERATING_VOLTAGE_MAX,75,VOLT,,,
Resistor,Device:R,Resistor_SMD:R_0603_1608Metric,R_SMD_0603_4k7,0603WAF4701T5E,C23162,UNI-ROYAL,NOMINAL_RESISTANCE,4.7,KILOOHM,OPERATING_VOLTAGE_MAX,75,VOLT,,,
Resistor,Device:R,Resistor_SMD:R_0603_1608Metric,R_SMD_0603_10k,0603WAF1002T5E,C25804,UNI-ROYAL,NOMINAL_RESISTANCE,10,KILOOHM,OPERATING_VOLTAGE_MAX,75,VOLT,,,
Resistor,Device:R,Resistor_SMD:R_0603_1608Metric,R_SMD_0603_22k,0603WAF2202T5E,C31850,UNI-ROYAL,NOMINAL_RESISTANCE,22,KILOOHM,OPERATING_VOLTAGE_MAX,75,VOLT,,,
Resistor,Device:R,Resistor_SMD:R_0603_1608Metric,R_SMD_0603_47k,0603WAF4702T5E,C25819,UNI-ROYAL,NOMINAL_RESISTANCE,47,KILOOHM,OPERATING_VOLTAGE_MAX,75,VOLT,,,
Resistor,Device:R,Resistor_SMD:R_0603_1608Metric,R_SMD_0603_100k,0603WAF1003T5E,C25803,UNI-ROYAL,NOMINAL_RESISTANCE,100,KILOOHM,OPERATING_VOLTAGE_MAX,75,VOLT,,,
Resistor,Device:R,Resistor_SMD:R_0603_1608Metric,R_SMD_0603_220k,0603WAF2203T5E,C22961,UNI-ROYAL,NOMINAL_RESISTANCE,220,KILOOHM,OPERATING_VOLTAGE_MAX,75,VOLT,,,
Resistor,Device:R,Resistor_SMD:R_0603_1608Metric,R_SMD_0603_470k,0603WAF4703T5E,C23178,UNI-ROYAL,NOMINAL_RESISTANCE,470,KILOOHM,OPERATING_VOLTAGE_MAX,75,VOLT,,,
Resistor,Device:R,Resistor_SMD:R_0603_1608Metric,R_SMD_0603_1M,0603WAF1004T5E,C22935,UNI-ROYAL,NOMINAL_RESISTANCE,1,MEGAOHM,OPERATING_VOLTAGE_MAX,75,VOLT,,,
Capacitor,Device:C,Capacitor_SMD:C_0603_1608Metric,C_SMD_0603_12p,CL10C120JB8NNNC,C38523,Samsung,NOMINAL_CAPACITANCE,12,PICOFARAD,OPERATING_VOLTAGE_MAX,50,VOLT,,,
Capacitor,Device:C,Capacitor_SMD:C_0603_1608Metric,C_SMD_0603_15p,CL10C150JB8NNNC,C1644,Samsung,NOMINAL_CAPACITANCE,15,PICOFARAD,OPERATING_VOLTAGE_MAX,50,VOLT,,,
Capacitor,Device:C,Capacitor_SMD:C_0603_1608Metric,C_SMD_0603_1n,CL10B102KB8NNNC,C1588,Samsung,NOMINAL_CAPACITANCE,1,NANOFARAD,OPERATING_VOLTAGE_MAX,50,VOLT,,,
Capacitor,Device:C,Capacitor_SMD:C_0603_1608Metric,C_SMD_0603_10n,0603B103K500NT,C57112,FH,NOMINAL_CAPACITANCE,10,NANOFARAD,OPERATING_VOLTAGE_MAX,50,VOLT,,,
Capacitor,Device:C,Capacitor_SMD:C_0603_1608Metric,C_SMD_0603_100n,CC0603KRX7R9BB104,C14663,YAGEO,NOMINAL_CAPACITANCE,100,NANOFARAD,OPERATING_VOLTAGE_MAX,50,VOLT,,,
Capacitor,Device:C,Capacitor_SMD:C_0603_1608Metric,C_SMD_0603_1u,CL10A105KB8NNNC,C15849,Samsung,NOMINAL_CAPACITANCE,1,MICROFARAD,OPERATING_VOLTAGE_MAX,50,VOLT,,,
Capacitor,Device:C,Capacitor_SMD:C_0603_1608Metric,C_SMD_0603_4u7,CL10A475KO8NNNC,C19666,Samsung,NOMINAL_CAPACITANCE,4.7,MICROFARAD,OPERATING_VOLTAGE_MAX,16,VOLT,,,
Capacitor,Device:C,Capacitor_SMD:C_0603_1608Metric,C_SMD_0603_10u,CL10A106MA8NRNC,C96446,Samsung,NOMINAL_CAPACITANCE,10,MICROFARAD,OPERATING_VOLTAGE_MAX,25,VOLT,,,
Capacitor,Device:C,Capacitor_SMD:C_0805_2012Metric,C_SMD_0805_22u,CL21A226MAQNNNE,C45783,Samsung,NOMINAL_CAPACITANCE,22,MICROFARAD,OPERATING_VOLTAGE_MAX,25,VOLT,,,
Inductor,Device:L,Inductor_SMD:L_1008_2520Metric,L_SMD_1008_FB,FTC252012S100MBCA,C5832376,UNI-ROYAL,NOMINAL_INDUCTANCE,10,MICROHENRY,OPERATING_CURRENT_RMS_MAX,1.2,AMPERE,SATURATION_CURRENT,1.05,AMPERE
Filter,Device:FerriteBead,Inductor_SMD:L_0603_1608Metric,L_SMD_0603_FB120,BLM18PG121SN1D,C14709,Murata,NOMINAL_IMPEDANCE,120,OHM,OPERATING_CURRENT_RMS_MAX,2,AMPERE,,,
Transformer,Transformer:PT61017PEL,Transformer_SMD:Transformer_Ethernet_Bourns_PT61017PEL,XFMR_SMD_ETH,HR641680E,C189555,Hanrun,,,,,,,,,
Fuse,Device:Fuse,Fuse:Fuse_1206_3216Metric,F_SMD_1206_0A25,SMD1206B025TF/24,C269113,Brightking,HOLDING_CURRENT,0.25,AMPERE,OPERATING_VOLTAGE_MAX,24,VOLT,,,
Mechanical,Switch:SW_Push,Button_Switch_SMD:SW_Push_1P1T_XKB_TS-1187A,SW_SMD_BTN,TS-1187A-B-A-B,C318884,XKB Xonnection,,,,,,,,,
Optical,Device:LED,LED_SMD:LED_0805_2012Metric,LED_SMD_0805_Y,KT-0805Y,C2296,Hubei Kento,,,,,,,,,
Optical,Device:LED,LED_SMD:LED_0805_2012Metric,LED_SMD_0805_G,KT-0805G,C2297,Hubei Kento,,,,,,,,,
ESD,Power_Protection:USBLC6-2SC6,Package_TO_SOT_SMD:SOT-23-6,ESD_SMD_USB6-2SC6,USBLC6-2SC6,C7519,STMicroelectronics,,,,,,,,,
ESD,Device:D_TVS,Package_TO_SOT_SMD:SOT-23,ESD_SMD_TVS12,PSM712-LF-T7,C32677,ProTek,,,,,,,,,
Crystal,Device:Crystal_GND24,Crystal:Crystal_SMD_TXC_7A-2Pin_5x3.2mm,X_SMD_8M,X50328MSB2GI,C115962,YXC Crystal Oscillators,NOMINAL_FREQUENCY,8,MEGAHERTZ,,,,,,
Crystal,Device:Crystal_GND24,Crystal:Crystal_SMD_3225-4Pin_3.2x2.5mm,X_SMD_16M,X322516MLB4SI,C13738,YXC Crystal Oscillators,NOMINAL_FREQUENCY,16,MEGAHERTZ,,,,,,
Crystal,Device:Crystal_GND24,Crystal:Crystal_SMD_3225-4Pin_3.2x2.5mm,X_SMD_25M,X322525MOB4SI,C9006,YXC Crystal Oscillators,NOMINAL_FREQUENCY,25,MEGAHERTZ,,,,,,
Diode,Device:D_Schottky,Diode_SMD:D_SOD-123,D_SMD_SOD123_STKY,B5819W SL,C8598,Jiangsu Changjing Electronics,,,,,,,,,
Diode,Device:D,Diode_SMD:D_SOD-323_HandSoldering,D_SMD_SOD323_1N4148,1N4148WS,C2128,Jiangsu Changjing Electronics,,,,,,,,,
Transistor,Transistor_FET:Q_PMOS_GSD,Package_TO_SOT_SMD:SOT-23,T_SMD_SOT23_PMOS,AO3401A,C15127,Alpha & Omega Semicon,,,,,,,,,
Transistor,Transistor_FET:Q_NMOS_GSD,Package_TO_SOT_SMD:SOT-23,T_SMD_SOT23_NMOS,AO3400A,C20917,Alpha & Omega Semicon,,,,,,,,,
Transistor,Transistor_BJT:Q_NPN_BEC,Package_TO_SOT_SMD:SOT-23,T_SMD_SOT23_NPN,SS8050,C2150,Jiangsu Changjing Electronics,,,,,,,,,
Transistor,Transistor_BJT:Q_PNP_BEC,Package_TO_SOT_SMD:SOT-23,T_SMD_SOT23_PNP,SS8550,C8541,Jiangsu Changjing Electronics,,,,,,,,,
IC,MCU_RaspberryPi:RP2040,Package_DFN_QFN:QFN-56-1EP_7x7mm_P0.4mm_EP3.2x3.2mm,IC_SMD_QFN56_RP2040,RP2040,C2040,Raspberry Pi,,,,,,,,,
IC,Memory_Flash:W25Q128JVS,Package_SO:SOIC-8_5.3x5.3mm_P1.27mm,IC_SMD_SOIC8_25Q128,W25Q128,C97521,Winbond Elec,,,,,,,,,
IC,Amplifier_Operational:LM324,Package_SO:SOIC-14_3.9x8.7mm_P1.27mm,IC_SMD_SOIC14_LM324,LM324DT,C71035,STMicroelectronics,,,,,,,,,
IC,Interface_Expansion:MCP23017_SS,Package_SO:SSOP-28_5.3x10.2mm_P0.65mm,IC_SMD_SSOP28_MCP23017,MCP23017-E/SS,C506653,Microchip Tech,,,,,,,,,
IC,Interface_Ethernet:ENC28J60x-SO,Package_SO:SSOP-28_5.3x10.2mm_P0.65mm,IC_SMD_SSOP28_ENC28J60,ENC28J60-I/SS,C411626,Microchip Tech,,,,,,,,,
IC,Interface_UART:SP3485CN,Package_SO:SOIC-8_3.9x4.9mm_P1.27mm,IC_SMD_SOIC8_SP3485,SP3485EN-L/TR,C8963,MaxLinear,,,,,,,,,
IC,Interface_CAN_LIN:TJA1021T,Package_SO:SOIC-8_3.9x4.9mm_P1.27mm,IC_SMD_SOIC8_TJA1021T,TJA1021T/20/CM,C128810,NXP,,,,,,,,,
IC,Regulator_Linear:AZ1117-3.3,Package_TO_SOT_SMD:SOT-223,IC_SMD_SOT223_LDO3V3,AMS1117-3.3,C6186,Advanced Monolithic Systems,,,,,,,,,
Connector,Connector_Generic:Conn_01x02,Connector_JST:JST_XH_B2B-XH-AM_1x02_P2.50mm_Vertical,CONN_THT_JST_XH_2,B2B-XH-A(LF)(SN),C158012,JST,,,,,,,,,
Connector,Connector_Generic:Conn_01x03,Connector_JST:JST_XH_B3B-XH-AM_1x03_P2.50mm_Vertical,CONN_THT_JST_XH_3,B3B-XH-A(LF)(SN),C144394,JST,,,,,,,,,
Connector,Connector_Generic:Conn_01x05,Connector_JST:JST_XH_B5B-XH-AM_1x05_P2.50mm_Vertical,CONN_THT_JST_XH_5,B5B-XH-A(LF)(SN),C157991,JST,,,,,,,,,
Connector,Connector_Generic:Conn_01x06,Connector_JST:JST_XH_B6B-XH-AM_1x06_P2.50mm_Vertical,CONN_THT_JST_XH_6,B6B-XH-A(LF)(SN),C144397,JST,,,,,,,,,
Connector,Connector:RJ9,Connector_RJ:RJ9_Evercom_5301-440xxx_Horizontal,CONN_THT_RJ9,5301-4P4C,C3097715,EVERCOM,,,,,,,,,
Connector,Connector:RJ45,Connector_RJ:RJ45_Amphenol_RJHSE5380,CONN_THT_RJ45,R-RJ45R08P-A004,C385834,Ckmtw,,,,,,,,,
Connector,Connector:USB_C_Receptacle_USB2.0_16P,Connector_USB:USB_C_Receptacle_Palconn_UTC16-G,CONN_THT_USBC_16P,TYPE-C 16PIN 2MD(073),C2765186,SHOU HAN,,,,,,,,,